t,u,y
0.00000000,20.84286499,50.06250000
1.00000000,16.84286499,50.06250000
2.00000000,16.84286499,50.06250000
3.00000000,16.84286499,50.06250000
4.00000000,16.84286499,49.93750000
5.00000000,16.84286499,49.87500000
6.00000000,16.84286499,49.75000000
7.00000000,16.84286499,49.68750000
8.00000000,16.84286499,49.56250000
9.00000000,16.84286499,49.50000000
10.00000000,16.84286499,49.43750000
11.00000000,16.84286499,49.31250000
12.00000000,16.84286499,49.25000000
13.00000000,16.84286499,49.12500000
14.00000000,16.84286499,49.06250000
15.00000000,16.84286499,49.00000000
16.00000000,16.84286499,48.87500000
17.00000000,16.84286499,48.81250000
18.00000000,16.84286499,48.75000000
19.00000000,16.84286499,48.68750000
20.00000000,16.84286499,48.56250000
21.00000000,16.84286499,48.56250000
22.00000000,16.84286499,48.43750000
23.00000000,16.84286499,48.37500000
24.00000000,16.84286499,48.31250000
25.00000000,16.84286499,48.25000000
26.00000000,16.84286499,48.18750000
27.00000000,16.84286499,48.12500000
28.00000000,16.84286499,48.06250000
29.00000000,16.84286499,48.00000000
30.00000000,16.84286499,47.93750000
31.00000000,16.84286499,47.87500000
32.00000000,16.84286499,47.87500000
33.00000000,16.84286499,47.81250000
34.00000000,16.84286499,47.75000000
35.00000000,24.84286499,47.68750000
36.00000000,24.84286499,47.62500000
37.00000000,24.84286499,47.68750000
38.00000000,24.84286499,47.87500000
39.00000000,24.84286499,48.00000000
40.00000000,24.84286499,48.18750000
41.00000000,24.84286499,48.31250000
42.00000000,24.84286499,48.43750000
43.00000000,24.84286499,48.62500000
44.00000000,24.84286499,48.75000000
45.00000000,24.84286499,48.93750000
46.00000000,24.84286499,49.06250000
47.00000000,24.84286499,49.18750000
48.00000000,24.84286499,49.37500000
49.00000000,24.84286499,49.50000000
50.00000000,24.84286499,49.68750000
51.00000000,24.84286499,49.81250000
52.00000000,24.84286499,49.93750000
53.00000000,24.84286499,50.06250000
54.00000000,24.84286499,50.18750000
55.00000000,24.84286499,50.31250000
56.00000000,24.84286499,50.43750000
57.00000000,24.84286499,50.56250000
58.00000000,24.84286499,50.68750000
59.00000000,24.84286499,50.81250000
60.00000000,24.84286499,50.87500000
61.00000000,24.84286499,51.00000000
62.00000000,24.84286499,51.12500000
63.00000000,24.84286499,51.18750000
64.00000000,24.84286499,51.31250000
65.00000000,24.84286499,51.37500000
66.00000000,24.84286499,51.50000000
67.00000000,24.84286499,51.62500000
68.00000000,24.84286499,51.68750000
69.00000000,24.84286499,51.81250000
70.00000000,24.84286499,51.87500000
71.00000000,24.84286499,52.00000000
72.00000000,24.84286499,52.06250000
73.00000000,24.84286499,52.12500000
74.00000000,24.84286499,52.18750000
75.00000000,24.84286499,52.25000000
76.00000000,24.84286499,52.37500000
77.00000000,24.84286499,52.37500000
78.00000000,24.84286499,52.50000000
79.00000000,24.84286499,52.56250000
80.00000000,24.84286499,52.62500000
81.00000000,24.84286499,52.68750000
82.00000000,24.84286499,52.75000000
83.00000000,24.84286499,52.81250000
84.00000000,24.84286499,52.87500000
85.00000000,24.84286499,52.93750000
86.00000000,24.84286499,53.00000000
87.00000000,24.84286499,53.00000000
88.00000000,24.84286499,53.12500000
89.00000000,24.84286499,53.12500000
90.00000000,24.84286499,53.18750000
91.00000000,24.84286499,53.25000000
92.00000000,24.84286499,53.25000000
93.00000000,24.84286499,53.31250000
94.00000000,24.84286499,53.37500000
95.00000000,24.84286499,53.43750000
96.00000000,24.84286499,53.50000000
97.00000000,24.84286499,53.56250000
98.00000000,24.84286499,53.56250000
99.00000000,24.84286499,53.62500000
100.00000000,24.84286499,53.68750000
101.00000000,24.84286499,53.68750000
102.00000000,24.84286499,53.68750000
103.00000000,24.84286499,53.75000000
104.00000000,24.84286499,53.81250000
105.00000000,16.84286499,53.87500000
106.00000000,16.84286499,53.87500000
107.00000000,16.84286499,53.81250000
108.00000000,16.84286499,53.62500000
109.00000000,16.84286499,53.50000000
110.00000000,16.84286499,53.31250000
111.00000000,16.84286499,53.18750000
112.00000000,16.84286499,53.06250000
113.00000000,16.84286499,52.87500000
114.00000000,16.84286499,52.75000000
115.00000000,16.84286499,52.56250000
116.00000000,16.84286499,52.37500000
117.00000000,16.84286499,52.25000000
118.00000000,16.84286499,52.12500000
119.00000000,16.84286499,51.93750000
120.00000000,16.84286499,51.81250000
121.00000000,16.84286499,51.62500000
122.00000000,16.84286499,51.50000000
123.00000000,16.84286499,51.37500000
124.00000000,16.84286499,51.25000000
125.00000000,16.84286499,51.12500000
126.00000000,16.84286499,51.00000000
127.00000000,16.84286499,50.87500000
128.00000000,16.84286499,50.75000000
129.00000000,16.84286499,50.62500000
130.00000000,16.84286499,50.50000000
131.00000000,16.84286499,50.43750000
132.00000000,16.84286499,50.31250000
133.00000000,16.84286499,50.18750000
134.00000000,16.84286499,50.06250000
135.00000000,16.84286499,49.93750000
136.00000000,16.84286499,49.87500000
137.00000000,16.84286499,49.81250000
138.00000000,16.84286499,49.68750000
139.00000000,16.84286499,49.62500000
140.00000000,16.84286499,49.56250000
141.00000000,16.84286499,49.43750000
142.00000000,16.84286499,49.37500000
143.00000000,16.84286499,49.25000000
144.00000000,16.84286499,49.18750000
145.00000000,16.84286499,49.12500000
146.00000000,16.84286499,49.00000000
147.00000000,16.84286499,48.93750000
148.00000000,16.84286499,48.87500000
149.00000000,16.84286499,48.81250000
150.00000000,16.84286499,48.75000000
151.00000000,16.84286499,48.68750000
152.00000000,16.84286499,48.62500000
153.00000000,16.84286499,48.56250000
154.00000000,16.84286499,48.50000000
155.00000000,16.84286499,48.43750000
156.00000000,16.84286499,48.37500000
157.00000000,16.84286499,48.31250000
158.00000000,16.84286499,48.31250000
159.00000000,16.84286499,48.25000000
160.00000000,16.84286499,48.18750000
161.00000000,16.84286499,48.12500000
162.00000000,16.84286499,48.06250000
163.00000000,16.84286499,48.06250000
164.00000000,16.84286499,48.00000000
165.00000000,16.84286499,47.93750000
166.00000000,16.84286499,47.93750000
167.00000000,16.84286499,47.87500000
168.00000000,16.84286499,47.81250000
169.00000000,16.84286499,47.75000000
170.00000000,16.84286499,47.75000000
171.00000000,16.84286499,47.68750000
172.00000000,16.84286499,47.68750000
173.00000000,16.84286499,47.62500000
174.00000000,16.84286499,47.56250000
175.00000000,24.84286499,47.56250000
176.00000000,24.84286499,47.50000000
177.00000000,24.84286499,47.62500000
178.00000000,24.84286499,47.75000000
179.00000000,24.84286499,47.93750000
180.00000000,24.84286499,48.06250000
181.00000000,24.84286499,48.25000000
182.00000000,24.84286499,48.37500000
183.00000000,24.84286499,48.56250000
184.00000000,24.84286499,48.75000000
185.00000000,24.84286499,48.87500000
186.00000000,24.84286499,49.06250000
187.00000000,24.84286499,49.18750000
188.00000000,24.84286499,49.37500000
189.00000000,24.84286499,49.50000000
190.00000000,24.84286499,49.62500000
191.00000000,24.84286499,49.81250000
192.00000000,24.84286499,49.93750000
193.00000000,24.84286499,50.06250000
194.00000000,24.84286499,50.25000000
195.00000000,24.84286499,50.37500000
196.00000000,24.84286499,50.50000000
197.00000000,24.84286499,50.62500000
198.00000000,24.84286499,50.75000000
199.00000000,24.84286499,50.87500000
200.00000000,24.84286499,51.00000000
201.00000000,24.84286499,51.06250000
202.00000000,24.84286499,51.25000000
203.00000000,24.84286499,51.31250000
204.00000000,24.84286499,51.43750000
205.00000000,24.84286499,51.50000000
206.00000000,24.84286499,51.62500000
207.00000000,24.84286499,51.75000000
208.00000000,24.84286499,51.81250000
209.00000000,24.84286499,51.87500000
210.00000000,24.84286499,52.00000000
211.00000000,24.84286499,52.06250000
212.00000000,24.84286499,52.12500000
213.00000000,24.84286499,52.25000000
214.00000000,24.84286499,52.31250000
215.00000000,24.84286499,52.37500000
216.00000000,24.84286499,52.50000000
217.00000000,24.84286499,52.56250000
218.00000000,24.84286499,52.62500000
219.00000000,24.84286499,52.75000000
220.00000000,24.84286499,52.75000000
221.00000000,24.84286499,52.87500000
222.00000000,24.84286499,52.93750000
223.00000000,24.84286499,52.93750000
224.00000000,24.84286499,53.00000000
225.00000000,24.84286499,53.06250000
226.00000000,24.84286499,53.18750000
227.00000000,24.84286499,53.18750000
228.00000000,24.84286499,53.25000000
229.00000000,24.84286499,53.31250000
230.00000000,24.84286499,53.37500000
231.00000000,24.84286499,53.43750000
232.00000000,24.84286499,53.43750000
233.00000000,24.84286499,53.56250000
234.00000000,24.84286499,53.56250000
235.00000000,24.84286499,53.62500000
236.00000000,24.84286499,53.68750000
237.00000000,24.84286499,53.68750000
238.00000000,24.84286499,53.75000000
239.00000000,24.84286499,53.81250000
240.00000000,24.84286499,53.81250000
241.00000000,24.84286499,53.87500000
242.00000000,24.84286499,53.93750000
243.00000000,24.84286499,53.93750000
244.00000000,24.84286499,54.00000000
245.00000000,16.84286499,54.06250000
246.00000000,16.84286499,54.06250000
247.00000000,16.84286499,54.00000000
248.00000000,16.84286499,53.87500000
249.00000000,16.84286499,53.68750000
250.00000000,16.84286499,53.56250000
251.00000000,16.84286499,53.37500000
252.00000000,16.84286499,53.25000000
253.00000000,16.84286499,53.06250000
254.00000000,16.84286499,52.87500000
255.00000000,16.84286499,52.75000000
256.00000000,16.84286499,52.56250000
257.00000000,16.84286499,52.43750000
258.00000000,16.84286499,52.31250000
259.00000000,16.84286499,52.12500000
260.00000000,16.84286499,52.00000000
261.00000000,16.84286499,51.87500000
262.00000000,16.84286499,51.75000000
263.00000000,16.84286499,51.56250000
264.00000000,16.84286499,51.43750000
265.00000000,16.84286499,51.31250000
266.00000000,16.84286499,51.18750000
267.00000000,16.84286499,51.06250000
268.00000000,16.84286499,50.93750000
269.00000000,16.84286499,50.81250000
270.00000000,16.84286499,50.68750000
271.00000000,16.84286499,50.56250000
272.00000000,16.84286499,50.50000000
273.00000000,16.84286499,50.37500000
274.00000000,16.84286499,50.25000000
275.00000000,16.84286499,50.18750000
276.00000000,16.84286499,50.06250000
277.00000000,16.84286499,49.93750000
278.00000000,16.84286499,49.87500000
279.00000000,16.84286499,49.81250000
280.00000000,24.84286499,49.75000000
281.00000000,24.84286499,49.62500000
282.00000000,24.84286499,49.68750000
283.00000000,24.84286499,49.75000000
284.00000000,24.84286499,49.87500000
285.00000000,24.84286499,50.00000000
286.00000000,24.84286499,50.06250000
287.00000000,24.84286499,50.18750000
288.00000000,24.84286499,50.37500000
289.00000000,24.84286499,50.43750000
290.00000000,24.84286499,50.56250000
291.00000000,24.84286499,50.68750000
292.00000000,24.84286499,50.81250000
293.00000000,24.84286499,50.93750000
294.00000000,24.84286499,51.06250000
295.00000000,24.84286499,51.18750000
296.00000000,24.84286499,51.25000000
297.00000000,24.84286499,51.43750000
298.00000000,24.84286499,51.50000000
299.00000000,24.84286499,51.62500000
300.00000000,24.84286499,51.68750000
301.00000000,24.84286499,51.81250000
302.00000000,24.84286499,51.87500000
303.00000000,24.84286499,52.00000000
304.00000000,24.84286499,52.06250000
305.00000000,24.84286499,52.18750000
306.00000000,24.84286499,52.25000000
307.00000000,24.84286499,52.37500000
308.00000000,24.84286499,52.43750000
309.00000000,24.84286499,52.50000000
310.00000000,24.84286499,52.62500000
311.00000000,24.84286499,52.68750000
312.00000000,24.84286499,52.75000000
313.00000000,24.84286499,52.81250000
314.00000000,24.84286499,52.87500000
315.00000000,24.84286499,52.93750000
316.00000000,24.84286499,53.06250000
317.00000000,24.84286499,53.06250000
318.00000000,24.84286499,53.12500000
319.00000000,24.84286499,53.25000000
320.00000000,24.84286499,53.25000000
321.00000000,24.84286499,53.31250000
322.00000000,24.84286499,53.37500000
323.00000000,24.84286499,53.43750000
324.00000000,24.84286499,53.50000000
325.00000000,24.84286499,53.56250000
326.00000000,24.84286499,53.62500000
327.00000000,24.84286499,53.62500000
328.00000000,24.84286499,53.68750000
329.00000000,24.84286499,53.75000000
330.00000000,24.84286499,53.81250000
331.00000000,24.84286499,53.81250000
332.00000000,24.84286499,53.87500000
333.00000000,24.84286499,53.93750000
334.00000000,24.84286499,54.00000000
335.00000000,24.84286499,54.00000000
336.00000000,24.84286499,54.06250000
337.00000000,24.84286499,54.12500000
338.00000000,24.84286499,54.12500000
339.00000000,24.84286499,54.18750000
340.00000000,24.84286499,54.18750000
341.00000000,24.84286499,54.25000000
342.00000000,24.84286499,54.25000000
343.00000000,24.84286499,54.31250000
344.00000000,24.84286499,54.31250000
345.00000000,24.84286499,54.37500000
346.00000000,24.84286499,54.37500000
347.00000000,24.84286499,54.43750000
348.00000000,24.84286499,54.43750000
349.00000000,24.84286499,54.50000000
350.00000000,24.84286499,54.50000000
351.00000000,24.84286499,54.56250000
352.00000000,24.84286499,54.56250000
353.00000000,24.84286499,54.62500000
354.00000000,24.84286499,54.62500000
355.00000000,24.84286499,54.68750000
356.00000000,24.84286499,54.68750000
357.00000000,24.84286499,54.68750000
358.00000000,24.84286499,54.75000000
359.00000000,24.84286499,54.75000000
360.00000000,24.84286499,54.75000000
361.00000000,24.84286499,54.81250000
362.00000000,24.84286499,54.81250000
363.00000000,24.84286499,54.81250000
364.00000000,24.84286499,54.87500000
365.00000000,24.84286499,54.87500000
366.00000000,24.84286499,54.87500000
367.00000000,24.84286499,54.93750000
368.00000000,24.84286499,54.93750000
369.00000000,24.84286499,54.93750000
370.00000000,24.84286499,54.93750000
371.00000000,24.84286499,55.00000000
372.00000000,24.84286499,55.00000000
373.00000000,24.84286499,55.00000000
374.00000000,24.84286499,55.06250000
375.00000000,24.84286499,55.06250000
376.00000000,24.84286499,55.06250000
377.00000000,24.84286499,55.06250000
378.00000000,24.84286499,55.06250000
379.00000000,24.84286499,55.12500000
380.00000000,24.84286499,55.12500000
381.00000000,24.84286499,55.12500000
382.00000000,24.84286499,55.18750000
383.00000000,24.84286499,55.12500000
384.00000000,24.84286499,55.18750000
385.00000000,16.84286499,55.18750000
386.00000000,16.84286499,55.18750000
387.00000000,16.84286499,55.06250000
388.00000000,16.84286499,54.93750000
389.00000000,16.84286499,54.75000000
390.00000000,16.84286499,54.56250000
391.00000000,16.84286499,54.43750000
392.00000000,16.84286499,54.25000000
393.00000000,16.84286499,54.06250000
394.00000000,16.84286499,53.87500000
395.00000000,16.84286499,53.68750000
396.00000000,16.84286499,53.50000000
397.00000000,16.84286499,53.37500000
398.00000000,16.84286499,53.18750000
399.00000000,16.84286499,53.00000000
400.00000000,16.84286499,52.87500000
401.00000000,16.84286499,52.75000000
402.00000000,16.84286499,52.56250000
403.00000000,16.84286499,52.37500000
404.00000000,16.84286499,52.25000000
405.00000000,16.84286499,52.12500000
406.00000000,16.84286499,52.00000000
407.00000000,16.84286499,51.81250000
408.00000000,16.84286499,51.68750000
409.00000000,16.84286499,51.56250000
410.00000000,16.84286499,51.43750000
411.00000000,16.84286499,51.31250000
412.00000000,16.84286499,51.18750000
413.00000000,16.84286499,51.06250000
414.00000000,16.84286499,51.00000000
415.00000000,16.84286499,50.87500000
416.00000000,16.84286499,50.75000000
417.00000000,16.84286499,50.62500000
418.00000000,16.84286499,50.50000000
419.00000000,16.84286499,50.43750000
420.00000000,24.84286499,50.31250000
421.00000000,24.84286499,50.25000000
422.00000000,24.84286499,50.25000000
423.00000000,24.84286499,50.37500000
424.00000000,24.84286499,50.43750000
425.00000000,24.84286499,50.56250000
426.00000000,24.84286499,50.62500000
427.00000000,24.84286499,50.75000000
428.00000000,24.84286499,50.87500000
429.00000000,24.84286499,50.93750000
430.00000000,24.84286499,51.06250000
431.00000000,24.84286499,51.18750000
432.00000000,24.84286499,51.31250000
433.00000000,24.84286499,51.43750000
434.00000000,24.84286499,51.56250000
435.00000000,24.84286499,51.62500000
436.00000000,24.84286499,51.75000000
437.00000000,24.84286499,51.87500000
438.00000000,24.84286499,51.93750000
439.00000000,24.84286499,52.06250000
440.00000000,24.84286499,52.12500000
441.00000000,24.84286499,52.25000000
442.00000000,24.84286499,52.37500000
443.00000000,24.84286499,52.43750000
444.00000000,24.84286499,52.50000000
445.00000000,24.84286499,52.56250000
446.00000000,24.84286499,52.68750000
447.00000000,24.84286499,52.75000000
448.00000000,24.84286499,52.81250000
449.00000000,24.84286499,52.87500000
450.00000000,24.84286499,53.00000000
451.00000000,24.84286499,53.06250000
452.00000000,24.84286499,53.12500000
453.00000000,24.84286499,53.25000000
454.00000000,24.84286499,53.25000000
455.00000000,24.84286499,53.37500000
456.00000000,24.84286499,53.37500000
457.00000000,24.84286499,53.43750000
458.00000000,24.84286499,53.50000000
459.00000000,24.84286499,53.56250000
460.00000000,24.84286499,53.62500000
461.00000000,24.84286499,53.68750000
462.00000000,24.84286499,53.75000000
463.00000000,24.84286499,53.81250000
464.00000000,24.84286499,53.81250000
465.00000000,24.84286499,53.87500000
466.00000000,24.84286499,53.93750000
467.00000000,24.84286499,53.93750000
468.00000000,24.84286499,54.06250000
469.00000000,24.84286499,54.06250000
470.00000000,24.84286499,54.12500000
471.00000000,24.84286499,54.18750000
472.00000000,24.84286499,54.18750000
473.00000000,24.84286499,54.25000000
474.00000000,24.84286499,54.31250000
475.00000000,24.84286499,54.31250000
476.00000000,24.84286499,54.37500000
477.00000000,24.84286499,54.37500000
478.00000000,24.84286499,54.43750000
479.00000000,24.84286499,54.50000000
480.00000000,24.84286499,54.50000000
481.00000000,24.84286499,54.50000000
482.00000000,24.84286499,54.56250000
483.00000000,24.84286499,54.56250000
484.00000000,24.84286499,54.62500000
485.00000000,24.84286499,54.62500000
486.00000000,24.84286499,54.68750000
487.00000000,24.84286499,54.68750000
488.00000000,24.84286499,54.75000000
489.00000000,24.84286499,54.75000000
490.00000000,16.84286499,54.75000000
491.00000000,16.84286499,54.81250000
492.00000000,16.84286499,54.75000000
493.00000000,16.84286499,54.56250000
494.00000000,16.84286499,54.43750000
495.00000000,16.84286499,54.18750000
496.00000000,16.84286499,54.06250000
497.00000000,16.84286499,53.93750000
498.00000000,16.84286499,53.75000000
499.00000000,16.84286499,53.56250000
500.00000000,16.84286499,53.43750000
501.00000000,16.84286499,53.25000000
502.00000000,16.84286499,53.06250000
503.00000000,16.84286499,52.93750000
504.00000000,16.84286499,52.75000000
505.00000000,16.84286499,52.62500000
506.00000000,16.84286499,52.50000000
507.00000000,16.84286499,52.31250000
508.00000000,16.84286499,52.18750000
509.00000000,16.84286499,52.06250000
510.00000000,16.84286499,51.93750000
511.00000000,16.84286499,51.75000000
512.00000000,16.84286499,51.62500000
513.00000000,16.84286499,51.50000000
514.00000000,16.84286499,51.37500000
515.00000000,16.84286499,51.25000000
516.00000000,16.84286499,51.12500000
517.00000000,16.84286499,51.06250000
518.00000000,16.84286499,50.93750000
519.00000000,16.84286499,50.81250000
520.00000000,16.84286499,50.68750000
521.00000000,16.84286499,50.56250000
522.00000000,16.84286499,50.50000000
523.00000000,16.84286499,50.37500000
524.00000000,16.84286499,50.31250000
525.00000000,24.84286499,50.18750000
526.00000000,24.84286499,50.12500000
527.00000000,24.84286499,50.18750000
528.00000000,24.84286499,50.31250000
529.00000000,24.84286499,50.37500000
530.00000000,24.84286499,50.43750000
531.00000000,24.84286499,50.56250000
532.00000000,24.84286499,50.68750000
533.00000000,24.84286499,50.75000000
534.00000000,24.84286499,50.93750000
535.00000000,24.84286499,51.06250000
536.00000000,24.84286499,51.18750000
537.00000000,24.84286499,51.25000000
538.00000000,24.84286499,51.37500000
539.00000000,24.84286499,51.50000000
540.00000000,24.84286499,51.62500000
541.00000000,24.84286499,51.68750000
542.00000000,24.84286499,51.81250000
543.00000000,24.84286499,51.93750000
544.00000000,24.84286499,52.00000000
545.00000000,24.84286499,52.12500000
546.00000000,24.84286499,52.18750000
547.00000000,24.84286499,52.31250000
548.00000000,24.84286499,52.43750000
549.00000000,24.84286499,52.50000000
550.00000000,24.84286499,52.56250000
551.00000000,24.84286499,52.68750000
552.00000000,24.84286499,52.75000000
553.00000000,24.84286499,52.81250000
554.00000000,24.84286499,52.87500000
555.00000000,24.84286499,52.93750000
556.00000000,24.84286499,53.06250000
557.00000000,24.84286499,53.12500000
558.00000000,24.84286499,53.18750000
559.00000000,24.84286499,53.25000000
560.00000000,16.84286499,53.31250000
561.00000000,16.84286499,53.37500000
562.00000000,16.84286499,53.31250000
563.00000000,16.84286499,53.18750000
564.00000000,16.84286499,53.12500000
565.00000000,16.84286499,52.93750000
566.00000000,16.84286499,52.87500000
567.00000000,16.84286499,52.68750000
568.00000000,16.84286499,52.56250000
569.00000000,16.84286499,52.43750000
570.00000000,16.84286499,52.31250000
571.00000000,16.84286499,52.12500000
572.00000000,16.84286499,52.06250000
573.00000000,16.84286499,51.93750000
574.00000000,16.84286499,51.75000000
575.00000000,16.84286499,51.62500000
576.00000000,16.84286499,51.50000000
577.00000000,16.84286499,51.37500000
578.00000000,16.84286499,51.25000000
579.00000000,16.84286499,51.18750000
580.00000000,16.84286499,51.06250000
581.00000000,16.84286499,50.93750000
582.00000000,16.84286499,50.81250000
583.00000000,16.84286499,50.68750000
584.00000000,16.84286499,50.62500000
585.00000000,16.84286499,50.50000000
586.00000000,16.84286499,50.37500000
587.00000000,16.84286499,50.31250000
588.00000000,16.84286499,50.25000000
589.00000000,16.84286499,50.12500000
590.00000000,16.84286499,50.06250000
591.00000000,16.84286499,49.93750000
592.00000000,16.84286499,49.87500000
593.00000000,16.84286499,49.81250000
594.00000000,16.84286499,49.75000000
595.00000000,16.84286499,49.62500000
596.00000000,16.84286499,49.56250000
597.00000000,16.84286499,49.43750000
598.00000000,16.84286499,49.43750000
599.00000000,16.84286499,49.37500000
600.00000000,16.84286499,49.31250000
601.00000000,16.84286499,49.25000000
602.00000000,16.84286499,49.12500000
603.00000000,16.84286499,49.06250000
604.00000000,16.84286499,49.00000000
605.00000000,16.84286499,48.93750000
606.00000000,16.84286499,48.87500000
607.00000000,16.84286499,48.87500000
608.00000000,16.84286499,48.81250000
609.00000000,16.84286499,48.75000000
610.00000000,16.84286499,48.68750000
611.00000000,16.84286499,48.62500000
612.00000000,16.84286499,48.56250000
613.00000000,16.84286499,48.50000000
614.00000000,16.84286499,48.50000000
615.00000000,16.84286499,48.43750000
616.00000000,16.84286499,48.37500000
617.00000000,16.84286499,48.31250000
618.00000000,16.84286499,48.31250000
619.00000000,16.84286499,48.31250000
620.00000000,16.84286499,48.18750000
621.00000000,16.84286499,48.18750000
622.00000000,16.84286499,48.12500000
623.00000000,16.84286499,48.12500000
624.00000000,16.84286499,48.06250000
625.00000000,16.84286499,48.06250000
626.00000000,16.84286499,48.00000000
627.00000000,16.84286499,48.00000000
628.00000000,16.84286499,47.93750000
629.00000000,16.84286499,47.93750000
630.00000000,24.84286499,47.87500000
631.00000000,24.84286499,47.87500000
632.00000000,24.84286499,47.93750000
633.00000000,24.84286499,48.06250000
634.00000000,24.84286499,48.25000000
635.00000000,24.84286499,48.43750000
636.00000000,24.84286499,48.56250000
637.00000000,24.84286499,48.68750000
638.00000000,24.84286499,48.87500000
639.00000000,24.84286499,49.06250000
640.00000000,24.84286499,49.18750000
641.00000000,24.84286499,49.37500000
642.00000000,24.84286499,49.56250000
643.00000000,24.84286499,49.68750000
644.00000000,24.84286499,49.87500000
645.00000000,24.84286499,50.00000000
646.00000000,24.84286499,50.18750000
647.00000000,24.84286499,50.31250000
648.00000000,24.84286499,50.43750000
649.00000000,24.84286499,50.56250000
650.00000000,24.84286499,50.75000000
651.00000000,24.84286499,50.81250000
652.00000000,24.84286499,50.93750000
653.00000000,24.84286499,51.06250000
654.00000000,24.84286499,51.18750000
655.00000000,24.84286499,51.31250000
656.00000000,24.84286499,51.50000000
657.00000000,24.84286499,51.56250000
658.00000000,24.84286499,51.68750000
659.00000000,24.84286499,51.81250000
660.00000000,24.84286499,51.87500000
661.00000000,24.84286499,52.00000000
662.00000000,24.84286499,52.06250000
663.00000000,24.84286499,52.18750000
664.00000000,24.84286499,52.25000000
665.00000000,16.84286499,52.37500000
666.00000000,16.84286499,52.43750000
667.00000000,16.84286499,52.43750000
668.00000000,16.84286499,52.31250000
669.00000000,16.84286499,52.25000000
670.00000000,16.84286499,52.12500000
671.00000000,16.84286499,52.00000000
672.00000000,16.84286499,51.87500000
673.00000000,16.84286499,51.75000000
674.00000000,16.84286499,51.62500000
675.00000000,16.84286499,51.50000000
676.00000000,16.84286499,51.37500000
677.00000000,16.84286499,51.31250000
678.00000000,16.84286499,51.18750000
679.00000000,16.84286499,51.06250000
680.00000000,16.84286499,50.93750000
681.00000000,16.84286499,50.81250000
682.00000000,16.84286499,50.68750000
683.00000000,16.84286499,50.62500000
684.00000000,16.84286499,50.50000000
685.00000000,16.84286499,50.37500000
686.00000000,16.84286499,50.31250000
687.00000000,16.84286499,50.18750000
688.00000000,16.84286499,50.12500000
689.00000000,16.84286499,50.00000000
690.00000000,16.84286499,49.93750000
691.00000000,16.84286499,49.87500000
692.00000000,16.84286499,49.75000000
693.00000000,16.84286499,49.68750000
694.00000000,16.84286499,49.56250000
695.00000000,16.84286499,49.50000000
696.00000000,16.84286499,49.43750000
697.00000000,16.84286499,49.37500000
698.00000000,16.84286499,49.31250000
699.00000000,16.84286499,49.25000000
700.00000000,16.84286499,49.18750000
701.00000000,16.84286499,49.12500000
702.00000000,16.84286499,49.00000000
703.00000000,16.84286499,49.00000000
704.00000000,16.84286499,48.93750000
705.00000000,16.84286499,48.81250000
706.00000000,16.84286499,48.81250000
707.00000000,16.84286499,48.75000000
708.00000000,16.84286499,48.68750000
709.00000000,16.84286499,48.62500000
710.00000000,16.84286499,48.56250000
711.00000000,16.84286499,48.50000000
712.00000000,16.84286499,48.50000000
713.00000000,16.84286499,48.43750000
714.00000000,16.84286499,48.37500000
715.00000000,16.84286499,48.37500000
716.00000000,16.84286499,48.31250000
717.00000000,16.84286499,48.18750000
718.00000000,16.84286499,48.18750000
719.00000000,16.84286499,48.18750000
720.00000000,16.84286499,48.12500000
721.00000000,16.84286499,48.06250000
722.00000000,16.84286499,48.06250000
723.00000000,16.84286499,48.00000000
724.00000000,16.84286499,48.00000000
725.00000000,16.84286499,47.93750000
726.00000000,16.84286499,47.87500000
727.00000000,16.84286499,47.87500000
728.00000000,16.84286499,47.81250000
729.00000000,16.84286499,47.81250000
730.00000000,16.84286499,47.75000000
731.00000000,16.84286499,47.75000000
732.00000000,16.84286499,47.68750000
733.00000000,16.84286499,47.68750000
734.00000000,16.84286499,47.62500000
735.00000000,24.84286499,47.62500000
736.00000000,24.84286499,47.62500000
737.00000000,24.84286499,47.68750000
738.00000000,24.84286499,47.81250000
739.00000000,24.84286499,48.00000000
740.00000000,24.84286499,48.18750000
741.00000000,24.84286499,48.31250000
742.00000000,24.84286499,48.50000000
743.00000000,24.84286499,48.68750000
744.00000000,24.84286499,48.87500000
745.00000000,24.84286499,49.00000000
746.00000000,24.84286499,49.18750000
747.00000000,24.84286499,49.31250000
748.00000000,24.84286499,49.50000000
749.00000000,24.84286499,49.68750000
750.00000000,24.84286499,49.81250000
751.00000000,24.84286499,49.93750000
752.00000000,24.84286499,50.12500000
753.00000000,24.84286499,50.25000000
754.00000000,24.84286499,50.37500000
755.00000000,24.84286499,50.50000000
756.00000000,24.84286499,50.68750000
757.00000000,24.84286499,50.81250000
758.00000000,24.84286499,50.93750000
759.00000000,24.84286499,51.06250000
760.00000000,24.84286499,51.18750000
761.00000000,24.84286499,51.31250000
762.00000000,24.84286499,51.37500000
763.00000000,24.84286499,51.50000000
764.00000000,24.84286499,51.62500000
765.00000000,24.84286499,51.75000000
766.00000000,24.84286499,51.81250000
767.00000000,24.84286499,51.93750000
768.00000000,24.84286499,52.06250000
769.00000000,24.84286499,52.12500000
770.00000000,24.84286499,52.25000000
771.00000000,24.84286499,52.31250000
772.00000000,24.84286499,52.43750000
773.00000000,24.84286499,52.50000000
774.00000000,24.84286499,52.56250000
775.00000000,24.84286499,52.62500000
776.00000000,24.84286499,52.68750000
777.00000000,24.84286499,52.81250000
778.00000000,24.84286499,52.87500000
779.00000000,24.84286499,52.93750000
780.00000000,24.84286499,53.00000000
781.00000000,24.84286499,53.06250000
782.00000000,24.84286499,53.12500000
783.00000000,24.84286499,53.18750000
784.00000000,24.84286499,53.25000000
785.00000000,24.84286499,53.31250000
786.00000000,24.84286499,53.37500000
787.00000000,24.84286499,53.50000000
788.00000000,24.84286499,53.50000000
789.00000000,24.84286499,53.56250000
790.00000000,24.84286499,53.62500000
791.00000000,24.84286499,53.68750000
792.00000000,24.84286499,53.75000000
793.00000000,24.84286499,53.81250000
794.00000000,24.84286499,53.81250000
795.00000000,24.84286499,53.87500000
796.00000000,24.84286499,53.93750000
797.00000000,24.84286499,54.00000000
798.00000000,24.84286499,54.00000000
799.00000000,24.84286499,54.06250000
800.00000000,24.84286499,54.12500000
801.00000000,24.84286499,54.12500000
802.00000000,24.84286499,54.18750000
803.00000000,24.84286499,54.25000000
804.00000000,24.84286499,54.25000000
805.00000000,24.84286499,54.31250000
806.00000000,24.84286499,54.31250000
807.00000000,24.84286499,54.37500000
808.00000000,24.84286499,54.37500000
809.00000000,24.84286499,54.43750000
810.00000000,24.84286499,54.43750000
811.00000000,24.84286499,54.50000000
812.00000000,24.84286499,54.50000000
813.00000000,24.84286499,54.56250000
814.00000000,24.84286499,54.62500000
815.00000000,24.84286499,54.62500000
816.00000000,24.84286499,54.62500000
817.00000000,24.84286499,54.68750000
818.00000000,24.84286499,54.68750000
819.00000000,24.84286499,54.75000000
820.00000000,24.84286499,54.75000000
821.00000000,24.84286499,54.81250000
822.00000000,24.84286499,54.81250000
823.00000000,24.84286499,54.81250000
824.00000000,24.84286499,54.87500000
825.00000000,24.84286499,54.87500000
826.00000000,24.84286499,54.87500000
827.00000000,24.84286499,54.93750000
828.00000000,24.84286499,54.93750000
829.00000000,24.84286499,55.00000000
830.00000000,24.84286499,55.00000000
831.00000000,24.84286499,55.00000000
832.00000000,24.84286499,55.00000000
833.00000000,24.84286499,55.06250000
834.00000000,24.84286499,55.06250000
835.00000000,24.84286499,55.06250000
836.00000000,24.84286499,55.12500000
837.00000000,24.84286499,55.12500000
838.00000000,24.84286499,55.12500000
839.00000000,24.84286499,55.12500000
840.00000000,16.84286499,55.18750000
841.00000000,16.84286499,55.18750000
842.00000000,16.84286499,55.12500000
843.00000000,16.84286499,54.93750000
844.00000000,16.84286499,54.75000000
845.00000000,16.84286499,54.62500000
846.00000000,16.84286499,54.43750000
847.00000000,16.84286499,54.18750000
848.00000000,16.84286499,54.06250000
849.00000000,16.84286499,53.93750000
850.00000000,16.84286499,53.68750000
851.00000000,16.84286499,53.56250000
852.00000000,16.84286499,53.37500000
853.00000000,16.84286499,53.25000000
854.00000000,16.84286499,53.06250000
855.00000000,16.84286499,52.87500000
856.00000000,16.84286499,52.75000000
857.00000000,16.84286499,52.56250000
858.00000000,16.84286499,52.43750000
859.00000000,16.84286499,52.31250000
860.00000000,16.84286499,52.12500000
861.00000000,16.84286499,52.00000000
862.00000000,16.84286499,51.87500000
863.00000000,16.84286499,51.75000000
864.00000000,16.84286499,51.62500000
865.00000000,16.84286499,51.50000000
866.00000000,16.84286499,51.37500000
867.00000000,16.84286499,51.25000000
868.00000000,16.84286499,51.12500000
869.00000000,16.84286499,51.00000000
870.00000000,16.84286499,50.87500000
871.00000000,16.84286499,50.81250000
872.00000000,16.84286499,50.68750000
873.00000000,16.84286499,50.56250000
874.00000000,16.84286499,50.50000000
875.00000000,16.84286499,50.37500000
876.00000000,16.84286499,50.31250000
877.00000000,16.84286499,50.25000000
878.00000000,16.84286499,50.12500000
879.00000000,16.84286499,50.00000000
880.00000000,16.84286499,49.93750000
881.00000000,16.84286499,49.87500000
882.00000000,16.84286499,49.75000000
883.00000000,16.84286499,49.68750000
884.00000000,16.84286499,49.62500000
885.00000000,16.84286499,49.56250000
886.00000000,16.84286499,49.50000000
887.00000000,16.84286499,49.37500000
888.00000000,16.84286499,49.31250000
889.00000000,16.84286499,49.31250000
890.00000000,16.84286499,49.18750000
891.00000000,16.84286499,49.18750000
892.00000000,16.84286499,49.12500000
893.00000000,16.84286499,49.06250000
894.00000000,16.84286499,49.00000000
895.00000000,16.84286499,48.93750000
896.00000000,16.84286499,48.81250000
897.00000000,16.84286499,48.81250000
898.00000000,16.84286499,48.75000000
899.00000000,16.84286499,48.68750000
900.00000000,16.84286499,48.68750000
901.00000000,16.84286499,48.62500000
902.00000000,16.84286499,48.56250000
903.00000000,16.84286499,48.50000000
904.00000000,16.84286499,48.50000000
905.00000000,16.84286499,48.43750000
906.00000000,16.84286499,48.37500000
907.00000000,16.84286499,48.31250000
908.00000000,16.84286499,48.31250000
909.00000000,16.84286499,48.25000000
910.00000000,16.84286499,48.25000000
911.00000000,16.84286499,48.18750000
912.00000000,16.84286499,48.18750000
913.00000000,16.84286499,48.12500000
914.00000000,16.84286499,48.06250000
915.00000000,16.84286499,48.06250000
916.00000000,16.84286499,48.00000000
917.00000000,16.84286499,48.00000000
918.00000000,16.84286499,47.93750000
919.00000000,16.84286499,47.87500000
920.00000000,16.84286499,47.87500000
921.00000000,16.84286499,47.87500000
922.00000000,16.84286499,47.81250000
923.00000000,16.84286499,47.75000000
924.00000000,16.84286499,47.75000000
925.00000000,16.84286499,47.68750000
926.00000000,16.84286499,47.68750000
927.00000000,16.84286499,47.68750000
928.00000000,16.84286499,47.68750000
929.00000000,16.84286499,47.62500000
930.00000000,16.84286499,47.62500000
931.00000000,16.84286499,47.62500000
932.00000000,16.84286499,47.56250000
933.00000000,16.84286499,47.56250000
934.00000000,16.84286499,47.50000000
935.00000000,16.84286499,47.50000000
936.00000000,16.84286499,47.50000000
937.00000000,16.84286499,47.43750000
938.00000000,16.84286499,47.43750000
939.00000000,16.84286499,47.43750000
940.00000000,16.84286499,47.43750000
941.00000000,16.84286499,47.37500000
942.00000000,16.84286499,47.37500000
943.00000000,16.84286499,47.37500000
944.00000000,16.84286499,47.31250000
945.00000000,24.84286499,47.31250000
946.00000000,24.84286499,47.31250000
947.00000000,24.84286499,47.37500000
948.00000000,24.84286499,47.56250000
949.00000000,24.84286499,47.75000000
950.00000000,24.84286499,47.87500000
951.00000000,24.84286499,48.06250000
952.00000000,24.84286499,48.25000000
953.00000000,24.84286499,48.43750000
954.00000000,24.84286499,48.62500000
955.00000000,24.84286499,48.81250000
956.00000000,24.84286499,48.93750000
957.00000000,24.84286499,49.12500000
958.00000000,24.84286499,49.31250000
959.00000000,24.84286499,49.50000000
960.00000000,24.84286499,49.62500000
961.00000000,24.84286499,49.75000000
962.00000000,24.84286499,49.93750000
963.00000000,24.84286499,50.12500000
964.00000000,24.84286499,50.25000000
965.00000000,24.84286499,50.37500000
966.00000000,24.84286499,50.50000000
967.00000000,24.84286499,50.62500000
968.00000000,24.84286499,50.81250000
969.00000000,24.84286499,50.93750000
970.00000000,24.84286499,51.06250000
971.00000000,24.84286499,51.18750000
972.00000000,24.84286499,51.25000000
973.00000000,24.84286499,51.43750000
974.00000000,24.84286499,51.50000000
975.00000000,24.84286499,51.62500000
976.00000000,24.84286499,51.75000000
977.00000000,24.84286499,51.81250000
978.00000000,24.84286499,51.93750000
979.00000000,24.84286499,52.06250000
980.00000000,16.84286499,52.12500000
981.00000000,16.84286499,52.18750000
982.00000000,16.84286499,52.18750000
983.00000000,16.84286499,52.12500000
984.00000000,16.84286499,52.00000000
985.00000000,16.84286499,51.87500000
986.00000000,16.84286499,51.81250000
987.00000000,16.84286499,51.62500000
988.00000000,16.84286499,51.56250000
989.00000000,16.84286499,51.43750000
990.00000000,16.84286499,51.31250000
991.00000000,16.84286499,51.25000000
992.00000000,16.84286499,51.12500000
993.00000000,16.84286499,51.00000000
994.00000000,16.84286499,50.87500000
995.00000000,16.84286499,50.81250000
996.00000000,16.84286499,50.68750000
997.00000000,16.84286499,50.56250000
998.00000000,16.84286499,50.50000000
999.00000000,16.84286499,50.37500000
1000.00000000,16.84286499,50.25000000
1001.00000000,16.84286499,50.18750000
1002.00000000,16.84286499,50.12500000
1003.00000000,16.84286499,50.00000000
1004.00000000,16.84286499,49.93750000
1005.00000000,16.84286499,49.87500000
1006.00000000,16.84286499,49.75000000
1007.00000000,16.84286499,49.68750000
1008.00000000,16.84286499,49.62500000
1009.00000000,16.84286499,49.50000000
1010.00000000,16.84286499,49.43750000
1011.00000000,16.84286499,49.37500000
1012.00000000,16.84286499,49.31250000
1013.00000000,16.84286499,49.25000000
1014.00000000,16.84286499,49.18750000
1015.00000000,24.84286499,49.12500000
1016.00000000,24.84286499,49.06250000
1017.00000000,24.84286499,49.06250000
1018.00000000,24.84286499,49.18750000
1019.00000000,24.84286499,49.31250000
1020.00000000,24.84286499,49.43750000
1021.00000000,24.84286499,49.62500000
1022.00000000,24.84286499,49.75000000
1023.00000000,24.84286499,49.93750000
1024.00000000,24.84286499,50.00000000
1025.00000000,24.84286499,50.18750000
1026.00000000,24.84286499,50.31250000
1027.00000000,24.84286499,50.43750000
1028.00000000,24.84286499,50.56250000
1029.00000000,24.84286499,50.68750000
1030.00000000,24.84286499,50.81250000
1031.00000000,24.84286499,50.93750000
1032.00000000,24.84286499,51.06250000
1033.00000000,24.84286499,51.18750000
1034.00000000,24.84286499,51.31250000
1035.00000000,24.84286499,51.43750000
1036.00000000,24.84286499,51.56250000
1037.00000000,24.84286499,51.68750000
1038.00000000,24.84286499,51.75000000
1039.00000000,24.84286499,51.87500000
1040.00000000,24.84286499,51.93750000
1041.00000000,24.84286499,52.06250000
1042.00000000,24.84286499,52.18750000
1043.00000000,24.84286499,52.25000000
1044.00000000,24.84286499,52.31250000
1045.00000000,24.84286499,52.43750000
1046.00000000,24.84286499,52.50000000
1047.00000000,24.84286499,52.62500000
1048.00000000,24.84286499,52.68750000
1049.00000000,24.84286499,52.75000000
1050.00000000,24.84286499,52.81250000
1051.00000000,24.84286499,52.87500000
1052.00000000,24.84286499,53.00000000
1053.00000000,24.84286499,53.06250000
1054.00000000,24.84286499,53.12500000
1055.00000000,24.84286499,53.18750000
1056.00000000,24.84286499,53.25000000
1057.00000000,24.84286499,53.31250000
1058.00000000,24.84286499,53.37500000
1059.00000000,24.84286499,53.43750000
1060.00000000,24.84286499,53.50000000
1061.00000000,24.84286499,53.56250000
1062.00000000,24.84286499,53.62500000
1063.00000000,24.84286499,53.68750000
1064.00000000,24.84286499,53.75000000
1065.00000000,24.84286499,53.75000000
1066.00000000,24.84286499,53.87500000
1067.00000000,24.84286499,53.87500000
1068.00000000,24.84286499,53.93750000
1069.00000000,24.84286499,53.93750000
1070.00000000,24.84286499,54.00000000
1071.00000000,24.84286499,54.06250000
1072.00000000,24.84286499,54.12500000
1073.00000000,24.84286499,54.12500000
1074.00000000,24.84286499,54.18750000
1075.00000000,24.84286499,54.25000000
1076.00000000,24.84286499,54.25000000
1077.00000000,24.84286499,54.31250000
1078.00000000,24.84286499,54.31250000
1079.00000000,24.84286499,54.37500000
1080.00000000,24.84286499,54.43750000
1081.00000000,24.84286499,54.43750000
1082.00000000,24.84286499,54.50000000
1083.00000000,24.84286499,54.50000000
1084.00000000,24.84286499,54.56250000
1085.00000000,24.84286499,54.56250000
1086.00000000,24.84286499,54.62500000
1087.00000000,24.84286499,54.62500000
1088.00000000,24.84286499,54.68750000
1089.00000000,24.84286499,54.68750000
1090.00000000,24.84286499,54.75000000
1091.00000000,24.84286499,54.75000000
1092.00000000,24.84286499,54.81250000
1093.00000000,24.84286499,54.81250000
1094.00000000,24.84286499,54.87500000
1095.00000000,24.84286499,54.87500000
1096.00000000,24.84286499,54.87500000
1097.00000000,24.84286499,54.93750000
1098.00000000,24.84286499,54.93750000
1099.00000000,24.84286499,55.00000000
1100.00000000,24.84286499,55.00000000
1101.00000000,24.84286499,55.00000000
1102.00000000,24.84286499,55.00000000
1103.00000000,24.84286499,55.06250000
1104.00000000,24.84286499,55.06250000
1105.00000000,24.84286499,55.06250000
1106.00000000,24.84286499,55.06250000
1107.00000000,24.84286499,55.12500000
1108.00000000,24.84286499,55.12500000
1109.00000000,24.84286499,55.18750000
1110.00000000,24.84286499,55.12500000
1111.00000000,24.84286499,55.18750000
1112.00000000,24.84286499,55.18750000
1113.00000000,24.84286499,55.25000000
1114.00000000,24.84286499,55.25000000
1115.00000000,24.84286499,55.25000000
1116.00000000,24.84286499,55.25000000
1117.00000000,24.84286499,55.31250000
1118.00000000,24.84286499,55.31250000
1119.00000000,24.84286499,55.31250000
1120.00000000,24.84286499,55.31250000
1121.00000000,24.84286499,55.31250000
1122.00000000,24.84286499,55.37500000
1123.00000000,24.84286499,55.37500000
1124.00000000,24.84286499,55.37500000
1125.00000000,24.84286499,55.43750000
1126.00000000,24.84286499,55.43750000
1127.00000000,24.84286499,55.43750000
1128.00000000,24.84286499,55.43750000
1129.00000000,24.84286499,55.50000000
1130.00000000,24.84286499,55.43750000
1131.00000000,24.84286499,55.50000000
1132.00000000,24.84286499,55.50000000
1133.00000000,24.84286499,55.50000000
1134.00000000,24.84286499,55.50000000
1135.00000000,24.84286499,55.50000000
1136.00000000,24.84286499,55.50000000
1137.00000000,24.84286499,55.50000000
1138.00000000,24.84286499,55.56250000
1139.00000000,24.84286499,55.56250000
1140.00000000,24.84286499,55.56250000
1141.00000000,24.84286499,55.56250000
1142.00000000,24.84286499,55.56250000
1143.00000000,24.84286499,55.56250000
1144.00000000,24.84286499,55.62500000
1145.00000000,24.84286499,55.62500000
1146.00000000,24.84286499,55.62500000
1147.00000000,24.84286499,55.62500000
1148.00000000,24.84286499,55.62500000
1149.00000000,24.84286499,55.62500000
1150.00000000,24.84286499,55.62500000
1151.00000000,24.84286499,55.68750000
1152.00000000,24.84286499,55.62500000
1153.00000000,24.84286499,55.68750000
1154.00000000,24.84286499,55.62500000
1155.00000000,16.84286499,55.68750000
1156.00000000,16.84286499,55.68750000
1157.00000000,16.84286499,55.56250000
1158.00000000,16.84286499,55.37500000
1159.00000000,16.84286499,55.25000000
1160.00000000,16.84286499,55.06250000
1161.00000000,16.84286499,54.87500000
1162.00000000,16.84286499,54.68750000
1163.00000000,16.84286499,54.50000000
1164.00000000,16.84286499,54.31250000
1165.00000000,16.84286499,54.12500000
1166.00000000,16.84286499,54.00000000
1167.00000000,16.84286499,53.81250000
1168.00000000,16.84286499,53.62500000
1169.00000000,16.84286499,53.43750000
1170.00000000,16.84286499,53.31250000
1171.00000000,16.84286499,53.12500000
1172.00000000,16.84286499,52.93750000
1173.00000000,16.84286499,52.81250000
1174.00000000,16.84286499,52.68750000
1175.00000000,16.84286499,52.50000000
1176.00000000,16.84286499,52.37500000
1177.00000000,16.84286499,52.25000000
1178.00000000,16.84286499,52.12500000
1179.00000000,16.84286499,52.00000000
1180.00000000,16.84286499,51.87500000
1181.00000000,16.84286499,51.68750000
1182.00000000,16.84286499,51.56250000
1183.00000000,16.84286499,51.50000000
1184.00000000,16.84286499,51.37500000
1185.00000000,16.84286499,51.25000000
1186.00000000,16.84286499,51.12500000
1187.00000000,16.84286499,51.00000000
1188.00000000,16.84286499,50.87500000
1189.00000000,16.84286499,50.81250000
1190.00000000,16.84286499,50.68750000
1191.00000000,16.84286499,50.62500000
1192.00000000,16.84286499,50.50000000
1193.00000000,16.84286499,50.43750000
1194.00000000,16.84286499,50.31250000
1195.00000000,16.84286499,50.25000000
1196.00000000,16.84286499,50.12500000
1197.00000000,16.84286499,50.06250000
1198.00000000,16.84286499,50.00000000
1199.00000000,16.84286499,49.93750000
1200.00000000,16.84286499,49.81250000
1201.00000000,16.84286499,49.75000000
1202.00000000,16.84286499,49.68750000
1203.00000000,16.84286499,49.62500000
1204.00000000,16.84286499,49.56250000
1205.00000000,16.84286499,49.50000000
1206.00000000,16.84286499,49.43750000
1207.00000000,16.84286499,49.37500000
1208.00000000,16.84286499,49.31250000
1209.00000000,16.84286499,49.18750000
1210.00000000,16.84286499,49.18750000
1211.00000000,16.84286499,49.12500000
1212.00000000,16.84286499,49.06250000
1213.00000000,16.84286499,49.00000000
1214.00000000,16.84286499,48.93750000
1215.00000000,16.84286499,48.87500000
1216.00000000,16.84286499,48.81250000
1217.00000000,16.84286499,48.81250000
1218.00000000,16.84286499,48.75000000
1219.00000000,16.84286499,48.68750000
1220.00000000,16.84286499,48.62500000
1221.00000000,16.84286499,48.62500000
1222.00000000,16.84286499,48.56250000
1223.00000000,16.84286499,48.56250000
1224.00000000,16.84286499,48.50000000
1225.00000000,24.84286499,48.43750000
1226.00000000,24.84286499,48.37500000
1227.00000000,24.84286499,48.50000000
1228.00000000,24.84286499,48.62500000
1229.00000000,24.84286499,48.75000000
1230.00000000,24.84286499,48.93750000
1231.00000000,24.84286499,49.06250000
1232.00000000,24.84286499,49.25000000
1233.00000000,24.84286499,49.37500000
1234.00000000,24.84286499,49.56250000
1235.00000000,24.84286499,49.75000000
1236.00000000,24.84286499,49.87500000
1237.00000000,24.84286499,50.00000000
1238.00000000,24.84286499,50.18750000
1239.00000000,24.84286499,50.31250000
1240.00000000,24.84286499,50.43750000
1241.00000000,24.84286499,50.62500000
1242.00000000,24.84286499,50.75000000
1243.00000000,24.84286499,50.87500000
1244.00000000,24.84286499,51.00000000
1245.00000000,24.84286499,51.12500000
1246.00000000,24.84286499,51.25000000
1247.00000000,24.84286499,51.43750000
1248.00000000,24.84286499,51.50000000
1249.00000000,24.84286499,51.62500000
1250.00000000,24.84286499,51.75000000
1251.00000000,24.84286499,51.87500000
1252.00000000,24.84286499,51.93750000
1253.00000000,24.84286499,52.06250000
1254.00000000,24.84286499,52.18750000
1255.00000000,24.84286499,52.25000000
1256.00000000,24.84286499,52.37500000
1257.00000000,24.84286499,52.43750000
1258.00000000,24.84286499,52.56250000
1259.00000000,24.84286499,52.62500000
1260.00000000,16.84286499,52.75000000
1261.00000000,16.84286499,52.81250000
1262.00000000,16.84286499,52.81250000
1263.00000000,16.84286499,52.75000000
1264.00000000,16.84286499,52.62500000
1265.00000000,16.84286499,52.43750000
1266.00000000,16.84286499,52.37500000
1267.00000000,16.84286499,52.18750000
1268.00000000,16.84286499,52.12500000
1269.00000000,16.84286499,52.00000000
1270.00000000,16.84286499,51.87500000
1271.00000000,16.84286499,51.75000000
1272.00000000,16.84286499,51.62500000
1273.00000000,16.84286499,51.50000000
1274.00000000,16.84286499,51.37500000
1275.00000000,16.84286499,51.25000000
1276.00000000,16.84286499,51.12500000
1277.00000000,16.84286499,51.06250000
1278.00000000,16.84286499,50.93750000
1279.00000000,16.84286499,50.81250000
1280.00000000,16.84286499,50.75000000
1281.00000000,16.84286499,50.62500000
1282.00000000,16.84286499,50.56250000
1283.00000000,16.84286499,50.43750000
1284.00000000,16.84286499,50.37500000
1285.00000000,16.84286499,50.25000000
1286.00000000,16.84286499,50.18750000
1287.00000000,16.84286499,50.06250000
1288.00000000,16.84286499,50.00000000
1289.00000000,16.84286499,49.87500000
1290.00000000,16.84286499,49.81250000
1291.00000000,16.84286499,49.75000000
1292.00000000,16.84286499,49.68750000
1293.00000000,16.84286499,49.62500000
1294.00000000,16.84286499,49.50000000
1295.00000000,24.84286499,49.43750000
1296.00000000,24.84286499,49.37500000
1297.00000000,24.84286499,49.43750000
1298.00000000,24.84286499,49.56250000
1299.00000000,24.84286499,49.68750000
1300.00000000,24.84286499,49.81250000
1301.00000000,24.84286499,49.93750000
1302.00000000,24.84286499,50.06250000
1303.00000000,24.84286499,50.18750000
1304.00000000,24.84286499,50.31250000
1305.00000000,24.84286499,50.50000000
1306.00000000,24.84286499,50.62500000
1307.00000000,24.84286499,50.75000000
1308.00000000,24.84286499,50.87500000
1309.00000000,24.84286499,51.00000000
1310.00000000,24.84286499,51.12500000
1311.00000000,24.84286499,51.25000000
1312.00000000,24.84286499,51.37500000
1313.00000000,24.84286499,51.50000000
1314.00000000,24.84286499,51.62500000
1315.00000000,24.84286499,51.68750000
1316.00000000,24.84286499,51.81250000
1317.00000000,24.84286499,51.93750000
1318.00000000,24.84286499,52.00000000
1319.00000000,24.84286499,52.12500000
1320.00000000,24.84286499,52.18750000
1321.00000000,24.84286499,52.31250000
1322.00000000,24.84286499,52.43750000
1323.00000000,24.84286499,52.50000000
1324.00000000,24.84286499,52.62500000
1325.00000000,24.84286499,52.68750000
1326.00000000,24.84286499,52.81250000
1327.00000000,24.84286499,52.81250000
1328.00000000,24.84286499,52.93750000
1329.00000000,24.84286499,53.00000000
1330.00000000,16.84286499,53.06250000
1331.00000000,16.84286499,53.12500000
1332.00000000,16.84286499,53.12500000
1333.00000000,16.84286499,53.00000000
1334.00000000,16.84286499,52.87500000
1335.00000000,16.84286499,52.75000000
1336.00000000,16.84286499,52.68750000
1337.00000000,16.84286499,52.50000000
1338.00000000,16.84286499,52.43750000
1339.00000000,16.84286499,52.25000000
1340.00000000,16.84286499,52.12500000
1341.00000000,16.84286499,52.00000000
1342.00000000,16.84286499,51.87500000
1343.00000000,16.84286499,51.75000000
1344.00000000,16.84286499,51.62500000
1345.00000000,16.84286499,51.50000000
1346.00000000,16.84286499,51.37500000
1347.00000000,16.84286499,51.25000000
1348.00000000,16.84286499,51.18750000
1349.00000000,16.84286499,51.06250000
1350.00000000,16.84286499,50.93750000
1351.00000000,16.84286499,50.81250000
1352.00000000,16.84286499,50.75000000
1353.00000000,16.84286499,50.62500000
1354.00000000,16.84286499,50.56250000
1355.00000000,16.84286499,50.43750000
1356.00000000,16.84286499,50.37500000
1357.00000000,16.84286499,50.25000000
1358.00000000,16.84286499,50.18750000
1359.00000000,16.84286499,50.06250000
1360.00000000,16.84286499,50.00000000
1361.00000000,16.84286499,49.93750000
1362.00000000,16.84286499,49.81250000
1363.00000000,16.84286499,49.75000000
1364.00000000,16.84286499,49.68750000
1365.00000000,16.84286499,49.62500000
1366.00000000,16.84286499,49.50000000
1367.00000000,16.84286499,49.43750000
1368.00000000,16.84286499,49.37500000
1369.00000000,16.84286499,49.31250000
1370.00000000,16.84286499,49.25000000
1371.00000000,16.84286499,49.18750000
1372.00000000,16.84286499,49.12500000
1373.00000000,16.84286499,49.06250000
1374.00000000,16.84286499,49.00000000
1375.00000000,16.84286499,48.93750000
1376.00000000,16.84286499,48.93750000
1377.00000000,16.84286499,48.87500000
1378.00000000,16.84286499,48.81250000
1379.00000000,16.84286499,48.75000000
1380.00000000,16.84286499,48.68750000
1381.00000000,16.84286499,48.62500000
1382.00000000,16.84286499,48.62500000
1383.00000000,16.84286499,48.56250000
1384.00000000,16.84286499,48.50000000
1385.00000000,16.84286499,48.43750000
1386.00000000,16.84286499,48.43750000
1387.00000000,16.84286499,48.37500000
1388.00000000,16.84286499,48.37500000
1389.00000000,16.84286499,48.31250000
1390.00000000,16.84286499,48.25000000
1391.00000000,16.84286499,48.18750000
1392.00000000,16.84286499,48.18750000
1393.00000000,16.84286499,48.12500000
1394.00000000,16.84286499,48.12500000
1395.00000000,16.84286499,48.06250000
1396.00000000,16.84286499,48.00000000
1397.00000000,16.84286499,48.00000000
1398.00000000,16.84286499,48.00000000
1399.00000000,16.84286499,47.93750000
1400.00000000,16.84286499,47.93750000
1401.00000000,16.84286499,47.87500000
1402.00000000,16.84286499,47.87500000
1403.00000000,16.84286499,47.81250000
1404.00000000,16.84286499,47.81250000
1405.00000000,16.84286499,47.75000000
1406.00000000,16.84286499,47.75000000
1407.00000000,16.84286499,47.68750000
1408.00000000,16.84286499,47.68750000
1409.00000000,16.84286499,47.68750000
1410.00000000,16.84286499,47.62500000
1411.00000000,16.84286499,47.62500000
1412.00000000,16.84286499,47.62500000
1413.00000000,16.84286499,47.62500000
1414.00000000,16.84286499,47.56250000
1415.00000000,16.84286499,47.50000000
1416.00000000,16.84286499,47.50000000
1417.00000000,16.84286499,47.50000000
1418.00000000,16.84286499,47.50000000
1419.00000000,16.84286499,47.43750000
1420.00000000,16.84286499,47.43750000
1421.00000000,16.84286499,47.37500000
1422.00000000,16.84286499,47.37500000
1423.00000000,16.84286499,47.37500000
1424.00000000,16.84286499,47.37500000
1425.00000000,16.84286499,47.31250000
1426.00000000,16.84286499,47.31250000
1427.00000000,16.84286499,47.31250000
1428.00000000,16.84286499,47.31250000
1429.00000000,16.84286499,47.31250000
1430.00000000,16.84286499,47.31250000
1431.00000000,16.84286499,47.25000000
1432.00000000,16.84286499,47.25000000
1433.00000000,16.84286499,47.25000000
1434.00000000,16.84286499,47.25000000
1435.00000000,24.84286499,47.18750000
1436.00000000,24.84286499,47.18750000
1437.00000000,24.84286499,47.31250000
1438.00000000,24.84286499,47.43750000
1439.00000000,24.84286499,47.62500000
1440.00000000,24.84286499,47.81250000
1441.00000000,24.84286499,48.00000000
1442.00000000,24.84286499,48.18750000
1443.00000000,24.84286499,48.37500000
1444.00000000,24.84286499,48.56250000
1445.00000000,24.84286499,48.75000000
1446.00000000,24.84286499,48.87500000
1447.00000000,24.84286499,49.06250000
1448.00000000,24.84286499,49.25000000
1449.00000000,24.84286499,49.37500000
1450.00000000,24.84286499,49.56250000
1451.00000000,24.84286499,49.75000000
1452.00000000,24.84286499,49.87500000
1453.00000000,24.84286499,50.06250000
1454.00000000,24.84286499,50.18750000
1455.00000000,24.84286499,50.31250000
1456.00000000,24.84286499,50.50000000
1457.00000000,24.84286499,50.62500000
1458.00000000,24.84286499,50.75000000
1459.00000000,24.84286499,50.87500000
1460.00000000,24.84286499,51.00000000
1461.00000000,24.84286499,51.12500000
1462.00000000,24.84286499,51.25000000
1463.00000000,24.84286499,51.37500000
1464.00000000,24.84286499,51.43750000
1465.00000000,24.84286499,51.56250000
1466.00000000,24.84286499,51.68750000
1467.00000000,24.84286499,51.81250000
1468.00000000,24.84286499,51.93750000
1469.00000000,24.84286499,52.00000000
1470.00000000,24.84286499,52.12500000
1471.00000000,24.84286499,52.25000000
1472.00000000,24.84286499,52.31250000
1473.00000000,24.84286499,52.37500000
1474.00000000,24.84286499,52.50000000
1475.00000000,24.84286499,52.56250000
1476.00000000,24.84286499,52.68750000
1477.00000000,24.84286499,52.75000000
1478.00000000,24.84286499,52.81250000
1479.00000000,24.84286499,52.87500000
1480.00000000,24.84286499,53.00000000
1481.00000000,24.84286499,53.00000000
1482.00000000,24.84286499,53.12500000
1483.00000000,24.84286499,53.18750000
1484.00000000,24.84286499,53.25000000
1485.00000000,24.84286499,53.31250000
1486.00000000,24.84286499,53.37500000
1487.00000000,24.84286499,53.43750000
1488.00000000,24.84286499,53.50000000
1489.00000000,24.84286499,53.56250000
1490.00000000,24.84286499,53.62500000
1491.00000000,24.84286499,53.68750000
1492.00000000,24.84286499,53.75000000
1493.00000000,24.84286499,53.81250000
1494.00000000,24.84286499,53.81250000
1495.00000000,24.84286499,53.87500000
1496.00000000,24.84286499,53.93750000
1497.00000000,24.84286499,54.00000000
1498.00000000,24.84286499,54.00000000
1499.00000000,24.84286499,54.06250000
1500.00000000,24.84286499,54.12500000
1501.00000000,24.84286499,54.18750000
1502.00000000,24.84286499,54.18750000
1503.00000000,24.84286499,54.25000000
1504.00000000,24.84286499,54.31250000
1505.00000000,16.84286499,54.31250000
1506.00000000,16.84286499,54.37500000
1507.00000000,16.84286499,54.31250000
1508.00000000,16.84286499,54.18750000
1509.00000000,16.84286499,54.06250000
1510.00000000,16.84286499,53.81250000
1511.00000000,16.84286499,53.68750000
1512.00000000,16.84286499,53.56250000
1513.00000000,16.84286499,53.37500000
1514.00000000,16.84286499,53.25000000
1515.00000000,16.84286499,53.06250000
1516.00000000,16.84286499,52.87500000
1517.00000000,16.84286499,52.75000000
1518.00000000,16.84286499,52.62500000
1519.00000000,16.84286499,52.50000000
1520.00000000,16.84286499,52.31250000
1521.00000000,16.84286499,52.18750000
1522.00000000,16.84286499,52.06250000
1523.00000000,16.84286499,51.93750000
1524.00000000,16.84286499,51.81250000
1525.00000000,16.84286499,51.62500000
1526.00000000,16.84286499,51.50000000
1527.00000000,16.84286499,51.37500000
1528.00000000,16.84286499,51.25000000
1529.00000000,16.84286499,51.18750000
1530.00000000,16.84286499,51.00000000
1531.00000000,16.84286499,50.93750000
1532.00000000,16.84286499,50.81250000
1533.00000000,16.84286499,50.75000000
1534.00000000,16.84286499,50.62500000
1535.00000000,16.84286499,50.50000000
1536.00000000,16.84286499,50.43750000
1537.00000000,16.84286499,50.31250000
1538.00000000,16.84286499,50.25000000
1539.00000000,16.84286499,50.18750000
1540.00000000,16.84286499,50.06250000
1541.00000000,16.84286499,50.00000000
1542.00000000,16.84286499,49.93750000
1543.00000000,16.84286499,49.81250000
1544.00000000,16.84286499,49.75000000
1545.00000000,16.84286499,49.68750000
1546.00000000,16.84286499,49.56250000
1547.00000000,16.84286499,49.50000000
1548.00000000,16.84286499,49.43750000
1549.00000000,16.84286499,49.37500000
1550.00000000,16.84286499,49.31250000
1551.00000000,16.84286499,49.25000000
1552.00000000,16.84286499,49.18750000
1553.00000000,16.84286499,49.12500000
1554.00000000,16.84286499,49.06250000
1555.00000000,16.84286499,49.00000000
1556.00000000,16.84286499,48.93750000
1557.00000000,16.84286499,48.87500000
1558.00000000,16.84286499,48.81250000
1559.00000000,16.84286499,48.81250000
1560.00000000,16.84286499,48.68750000
1561.00000000,16.84286499,48.68750000
1562.00000000,16.84286499,48.62500000
1563.00000000,16.84286499,48.62500000
1564.00000000,16.84286499,48.56250000
1565.00000000,16.84286499,48.50000000
1566.00000000,16.84286499,48.43750000
1567.00000000,16.84286499,48.43750000
1568.00000000,16.84286499,48.37500000
1569.00000000,16.84286499,48.31250000
1570.00000000,16.84286499,48.25000000
1571.00000000,16.84286499,48.25000000
1572.00000000,16.84286499,48.25000000
1573.00000000,16.84286499,48.18750000
1574.00000000,16.84286499,48.12500000
1575.00000000,16.84286499,48.12500000
1576.00000000,16.84286499,48.06250000
1577.00000000,16.84286499,48.06250000
1578.00000000,16.84286499,48.00000000
1579.00000000,16.84286499,48.00000000
1580.00000000,16.84286499,47.93750000
1581.00000000,16.84286499,47.87500000
1582.00000000,16.84286499,47.87500000
1583.00000000,16.84286499,47.87500000
1584.00000000,16.84286499,47.81250000
1585.00000000,16.84286499,47.81250000
1586.00000000,16.84286499,47.81250000
1587.00000000,16.84286499,47.75000000
1588.00000000,16.84286499,47.75000000
1589.00000000,16.84286499,47.68750000
1590.00000000,16.84286499,47.62500000
1591.00000000,16.84286499,47.68750000
1592.00000000,16.84286499,47.62500000
1593.00000000,16.84286499,47.62500000
1594.00000000,16.84286499,47.62500000
1595.00000000,16.84286499,47.56250000
1596.00000000,16.84286499,47.56250000
1597.00000000,16.84286499,47.50000000
1598.00000000,16.84286499,47.50000000
1599.00000000,16.84286499,47.50000000
1600.00000000,16.84286499,47.43750000
1601.00000000,16.84286499,47.43750000
1602.00000000,16.84286499,47.43750000
1603.00000000,16.84286499,47.43750000
1604.00000000,16.84286499,47.43750000
1605.00000000,16.84286499,47.37500000
1606.00000000,16.84286499,47.37500000
1607.00000000,16.84286499,47.31250000
1608.00000000,16.84286499,47.37500000
1609.00000000,16.84286499,47.31250000
1610.00000000,16.84286499,47.31250000
1611.00000000,16.84286499,47.31250000
1612.00000000,16.84286499,47.25000000
1613.00000000,16.84286499,47.25000000
1614.00000000,16.84286499,47.25000000
1615.00000000,16.84286499,47.25000000
1616.00000000,16.84286499,47.25000000
1617.00000000,16.84286499,47.18750000
1618.00000000,16.84286499,47.18750000
1619.00000000,16.84286499,47.18750000
1620.00000000,16.84286499,47.18750000
1621.00000000,16.84286499,47.12500000
1622.00000000,16.84286499,47.12500000
1623.00000000,16.84286499,47.12500000
1624.00000000,16.84286499,47.12500000
1625.00000000,16.84286499,47.12500000
1626.00000000,16.84286499,47.06250000
1627.00000000,16.84286499,47.06250000
1628.00000000,16.84286499,47.06250000
1629.00000000,16.84286499,47.06250000
1630.00000000,16.84286499,47.06250000
1631.00000000,16.84286499,47.06250000
1632.00000000,16.84286499,47.06250000
1633.00000000,16.84286499,47.06250000
1634.00000000,16.84286499,47.06250000
1635.00000000,16.84286499,47.00000000
1636.00000000,16.84286499,47.00000000
1637.00000000,16.84286499,47.00000000
1638.00000000,16.84286499,47.00000000
1639.00000000,16.84286499,47.00000000
1640.00000000,16.84286499,46.93750000
1641.00000000,16.84286499,47.00000000
1642.00000000,16.84286499,46.93750000
1643.00000000,16.84286499,46.93750000
1644.00000000,16.84286499,46.93750000
1645.00000000,24.84286499,46.93750000
1646.00000000,24.84286499,46.93750000
1647.00000000,24.84286499,47.00000000
1648.00000000,24.84286499,47.18750000
1649.00000000,24.84286499,47.37500000
1650.00000000,24.84286499,47.56250000
1651.00000000,24.84286499,47.75000000
1652.00000000,24.84286499,47.93750000
1653.00000000,24.84286499,48.12500000
1654.00000000,24.84286499,48.31250000
1655.00000000,24.84286499,48.50000000
1656.00000000,24.84286499,48.68750000
1657.00000000,24.84286499,48.87500000
1658.00000000,24.84286499,49.00000000
1659.00000000,24.84286499,49.18750000
1660.00000000,24.84286499,49.37500000
1661.00000000,24.84286499,49.56250000
1662.00000000,24.84286499,49.68750000
1663.00000000,24.84286499,49.81250000
1664.00000000,24.84286499,50.00000000
1665.00000000,24.84286499,50.12500000
1666.00000000,24.84286499,50.31250000
1667.00000000,24.84286499,50.43750000
1668.00000000,24.84286499,50.56250000
1669.00000000,24.84286499,50.75000000
1670.00000000,24.84286499,50.87500000
1671.00000000,24.84286499,51.00000000
1672.00000000,24.84286499,51.12500000
1673.00000000,24.84286499,51.25000000
1674.00000000,24.84286499,51.31250000
1675.00000000,24.84286499,51.43750000
1676.00000000,24.84286499,51.56250000
1677.00000000,24.84286499,51.68750000
1678.00000000,24.84286499,51.75000000
1679.00000000,24.84286499,51.87500000
1680.00000000,16.84286499,52.00000000
1681.00000000,16.84286499,52.06250000
1682.00000000,16.84286499,52.06250000
1683.00000000,16.84286499,52.00000000
1684.00000000,16.84286499,51.87500000
1685.00000000,16.84286499,51.81250000
1686.00000000,16.84286499,51.62500000
1687.00000000,16.84286499,51.56250000
1688.00000000,16.84286499,51.50000000
1689.00000000,16.84286499,51.37500000
1690.00000000,16.84286499,51.25000000
1691.00000000,16.84286499,51.12500000
1692.00000000,16.84286499,51.00000000
1693.00000000,16.84286499,50.87500000
1694.00000000,16.84286499,50.81250000
1695.00000000,16.84286499,50.68750000
1696.00000000,16.84286499,50.62500000
1697.00000000,16.84286499,50.50000000
1698.00000000,16.84286499,50.43750000
1699.00000000,16.84286499,50.31250000
1700.00000000,16.84286499,50.25000000
1701.00000000,16.84286499,50.12500000
1702.00000000,16.84286499,50.06250000
1703.00000000,16.84286499,49.87500000
1704.00000000,16.84286499,49.87500000
1705.00000000,16.84286499,49.75000000
1706.00000000,16.84286499,49.68750000
1707.00000000,16.84286499,49.62500000
1708.00000000,16.84286499,49.50000000
1709.00000000,16.84286499,49.50000000
1710.00000000,16.84286499,49.37500000
1711.00000000,16.84286499,49.37500000
1712.00000000,16.84286499,49.25000000
1713.00000000,16.84286499,49.18750000
1714.00000000,16.84286499,49.12500000
1715.00000000,16.84286499,49.06250000
1716.00000000,16.84286499,49.00000000
1717.00000000,16.84286499,48.93750000
1718.00000000,16.84286499,48.87500000
1719.00000000,16.84286499,48.81250000
1720.00000000,16.84286499,48.75000000
1721.00000000,16.84286499,48.68750000
1722.00000000,16.84286499,48.62500000
1723.00000000,16.84286499,48.56250000
1724.00000000,16.84286499,48.56250000
1725.00000000,16.84286499,48.50000000
1726.00000000,16.84286499,48.43750000
1727.00000000,16.84286499,48.37500000
1728.00000000,16.84286499,48.37500000
1729.00000000,16.84286499,48.31250000
1730.00000000,16.84286499,48.25000000
1731.00000000,16.84286499,48.25000000
1732.00000000,16.84286499,48.18750000
1733.00000000,16.84286499,48.12500000
1734.00000000,16.84286499,48.12500000
1735.00000000,16.84286499,48.06250000
1736.00000000,16.84286499,48.00000000
1737.00000000,16.84286499,48.00000000
1738.00000000,16.84286499,47.93750000
1739.00000000,16.84286499,47.93750000
1740.00000000,16.84286499,47.87500000
1741.00000000,16.84286499,47.87500000
1742.00000000,16.84286499,47.87500000
1743.00000000,16.84286499,47.81250000
1744.00000000,16.84286499,47.81250000
1745.00000000,16.84286499,47.75000000
1746.00000000,16.84286499,47.75000000
1747.00000000,16.84286499,47.68750000
1748.00000000,16.84286499,47.68750000
1749.00000000,16.84286499,47.62500000
1750.00000000,16.84286499,47.62500000
1751.00000000,16.84286499,47.56250000
1752.00000000,16.84286499,47.56250000
1753.00000000,16.84286499,47.50000000
1754.00000000,16.84286499,47.50000000
1755.00000000,16.84286499,47.50000000
1756.00000000,16.84286499,47.50000000
1757.00000000,16.84286499,47.50000000
1758.00000000,16.84286499,47.43750000
1759.00000000,16.84286499,47.43750000
1760.00000000,16.84286499,47.37500000
1761.00000000,16.84286499,47.37500000
1762.00000000,16.84286499,47.37500000
1763.00000000,16.84286499,47.31250000
1764.00000000,16.84286499,47.31250000
1765.00000000,16.84286499,47.31250000
1766.00000000,16.84286499,47.31250000
1767.00000000,16.84286499,47.25000000
1768.00000000,16.84286499,47.25000000
1769.00000000,16.84286499,47.25000000
1770.00000000,16.84286499,47.18750000
1771.00000000,16.84286499,47.18750000
1772.00000000,16.84286499,47.18750000
1773.00000000,16.84286499,47.18750000
1774.00000000,16.84286499,47.18750000
1775.00000000,16.84286499,47.12500000
1776.00000000,16.84286499,47.12500000
1777.00000000,16.84286499,47.12500000
1778.00000000,16.84286499,47.12500000
1779.00000000,16.84286499,47.06250000
1780.00000000,16.84286499,47.12500000
1781.00000000,16.84286499,47.06250000
1782.00000000,16.84286499,47.06250000
1783.00000000,16.84286499,47.06250000
1784.00000000,16.84286499,47.06250000
1785.00000000,16.84286499,47.06250000
1786.00000000,16.84286499,47.00000000
1787.00000000,16.84286499,47.00000000
1788.00000000,16.84286499,47.00000000
1789.00000000,16.84286499,47.00000000
1790.00000000,16.84286499,47.00000000
1791.00000000,16.84286499,46.93750000
1792.00000000,16.84286499,47.00000000
1793.00000000,16.84286499,47.00000000
1794.00000000,16.84286499,46.93750000
1795.00000000,16.84286499,46.93750000
1796.00000000,16.84286499,46.93750000
1797.00000000,16.84286499,46.93750000
1798.00000000,16.84286499,46.87500000
1799.00000000,16.84286499,46.87500000
1800.00000000,16.84286499,46.87500000
1801.00000000,16.84286499,46.87500000
1802.00000000,16.84286499,46.87500000
1803.00000000,16.84286499,46.87500000
1804.00000000,16.84286499,46.87500000
1805.00000000,16.84286499,46.87500000
1806.00000000,16.84286499,46.81250000
1807.00000000,16.84286499,46.81250000
1808.00000000,16.84286499,46.81250000
1809.00000000,16.84286499,46.81250000
1810.00000000,16.84286499,46.81250000
1811.00000000,16.84286499,46.81250000
1812.00000000,16.84286499,46.81250000
1813.00000000,16.84286499,46.81250000
1814.00000000,16.84286499,46.81250000
1815.00000000,16.84286499,46.81250000
1816.00000000,16.84286499,46.75000000
1817.00000000,16.84286499,46.75000000
1818.00000000,16.84286499,46.75000000
1819.00000000,16.84286499,46.75000000
1820.00000000,16.84286499,46.81250000
1821.00000000,16.84286499,46.75000000
1822.00000000,16.84286499,46.75000000
1823.00000000,16.84286499,46.75000000
1824.00000000,16.84286499,46.75000000
1825.00000000,16.84286499,46.75000000
1826.00000000,16.84286499,46.68750000
1827.00000000,16.84286499,46.68750000
1828.00000000,16.84286499,46.75000000
1829.00000000,16.84286499,46.75000000
1830.00000000,16.84286499,46.75000000
1831.00000000,16.84286499,46.68750000
1832.00000000,16.84286499,46.68750000
1833.00000000,16.84286499,46.75000000
1834.00000000,16.84286499,46.75000000
1835.00000000,16.84286499,46.68750000
1836.00000000,16.84286499,46.68750000
1837.00000000,16.84286499,46.68750000
1838.00000000,16.84286499,46.68750000
1839.00000000,16.84286499,46.68750000
1840.00000000,16.84286499,46.68750000
1841.00000000,16.84286499,46.68750000
1842.00000000,16.84286499,46.68750000
1843.00000000,16.84286499,46.68750000
1844.00000000,16.84286499,46.62500000
1845.00000000,16.84286499,46.68750000
1846.00000000,16.84286499,46.68750000
1847.00000000,16.84286499,46.68750000
1848.00000000,16.84286499,46.62500000
1849.00000000,16.84286499,46.68750000
1850.00000000,16.84286499,46.62500000
1851.00000000,16.84286499,46.62500000
1852.00000000,16.84286499,46.62500000
1853.00000000,16.84286499,46.62500000
1854.00000000,16.84286499,46.62500000
1855.00000000,24.84286499,46.62500000
1856.00000000,24.84286499,46.62500000
1857.00000000,24.84286499,46.75000000
1858.00000000,24.84286499,46.93750000
1859.00000000,24.84286499,47.12500000
1860.00000000,24.84286499,47.31250000
1861.00000000,24.84286499,47.50000000
1862.00000000,24.84286499,47.68750000
1863.00000000,24.84286499,47.87500000
1864.00000000,24.84286499,48.06250000
1865.00000000,24.84286499,48.31250000
1866.00000000,24.84286499,48.43750000
1867.00000000,24.84286499,48.62500000
1868.00000000,24.84286499,48.81250000
1869.00000000,24.84286499,48.93750000
1870.00000000,24.84286499,49.12500000
1871.00000000,24.84286499,49.31250000
1872.00000000,24.84286499,49.50000000
1873.00000000,24.84286499,49.62500000
1874.00000000,24.84286499,49.81250000
1875.00000000,24.84286499,49.93750000
1876.00000000,24.84286499,50.12500000
1877.00000000,24.84286499,50.25000000
1878.00000000,24.84286499,50.37500000
1879.00000000,24.84286499,50.50000000
1880.00000000,24.84286499,50.62500000
1881.00000000,24.84286499,50.75000000
1882.00000000,24.84286499,50.87500000
1883.00000000,24.84286499,51.06250000
1884.00000000,24.84286499,51.12500000
1885.00000000,24.84286499,51.25000000
1886.00000000,24.84286499,51.37500000
1887.00000000,24.84286499,51.50000000
1888.00000000,24.84286499,51.62500000
1889.00000000,24.84286499,51.68750000
1890.00000000,24.84286499,51.81250000
1891.00000000,24.84286499,51.87500000
1892.00000000,24.84286499,52.00000000
1893.00000000,24.84286499,52.06250000
1894.00000000,24.84286499,52.18750000
1895.00000000,24.84286499,52.31250000
1896.00000000,24.84286499,52.37500000
1897.00000000,24.84286499,52.43750000
1898.00000000,24.84286499,52.50000000
1899.00000000,24.84286499,52.62500000
1900.00000000,24.84286499,52.75000000
1901.00000000,24.84286499,52.81250000
1902.00000000,24.84286499,52.81250000
1903.00000000,24.84286499,52.93750000
1904.00000000,24.84286499,53.00000000
1905.00000000,24.84286499,53.06250000
1906.00000000,24.84286499,53.12500000
1907.00000000,24.84286499,53.18750000
1908.00000000,24.84286499,53.25000000
1909.00000000,24.84286499,53.31250000
1910.00000000,24.84286499,53.37500000
1911.00000000,24.84286499,53.43750000
1912.00000000,24.84286499,53.43750000
1913.00000000,24.84286499,53.56250000
1914.00000000,24.84286499,53.62500000
1915.00000000,24.84286499,53.62500000
1916.00000000,24.84286499,53.75000000
1917.00000000,24.84286499,53.75000000
1918.00000000,24.84286499,53.81250000
1919.00000000,24.84286499,53.87500000
1920.00000000,24.84286499,53.87500000
1921.00000000,24.84286499,53.93750000
1922.00000000,24.84286499,54.00000000
1923.00000000,24.84286499,54.06250000
1924.00000000,24.84286499,54.06250000
1925.00000000,24.84286499,54.12500000
1926.00000000,24.84286499,54.18750000
1927.00000000,24.84286499,54.18750000
1928.00000000,24.84286499,54.25000000
1929.00000000,24.84286499,54.31250000
1930.00000000,24.84286499,54.37500000
1931.00000000,24.84286499,54.37500000
1932.00000000,24.84286499,54.37500000
1933.00000000,24.84286499,54.43750000
1934.00000000,24.84286499,54.43750000
1935.00000000,24.84286499,54.50000000
1936.00000000,24.84286499,54.50000000
1937.00000000,24.84286499,54.56250000
1938.00000000,24.84286499,54.56250000
1939.00000000,24.84286499,54.62500000
1940.00000000,24.84286499,54.62500000
1941.00000000,24.84286499,54.68750000
1942.00000000,24.84286499,54.68750000
1943.00000000,24.84286499,54.75000000
1944.00000000,24.84286499,54.75000000
1945.00000000,24.84286499,54.75000000
1946.00000000,24.84286499,54.81250000
1947.00000000,24.84286499,54.81250000
1948.00000000,24.84286499,54.87500000
1949.00000000,24.84286499,54.87500000
1950.00000000,24.84286499,54.87500000
1951.00000000,24.84286499,54.93750000
1952.00000000,24.84286499,54.93750000
1953.00000000,24.84286499,54.93750000
1954.00000000,24.84286499,55.00000000
1955.00000000,24.84286499,55.00000000
1956.00000000,24.84286499,55.06250000
1957.00000000,24.84286499,55.06250000
1958.00000000,24.84286499,55.06250000
1959.00000000,24.84286499,55.06250000
1960.00000000,24.84286499,55.12500000
1961.00000000,24.84286499,55.12500000
1962.00000000,24.84286499,55.12500000
1963.00000000,24.84286499,55.12500000
1964.00000000,24.84286499,55.18750000
1965.00000000,24.84286499,55.18750000
1966.00000000,24.84286499,55.18750000
1967.00000000,24.84286499,55.18750000
1968.00000000,24.84286499,55.25000000
1969.00000000,24.84286499,55.25000000
1970.00000000,24.84286499,55.25000000
1971.00000000,24.84286499,55.31250000
1972.00000000,24.84286499,55.31250000
1973.00000000,24.84286499,55.31250000
1974.00000000,24.84286499,55.31250000
1975.00000000,24.84286499,55.31250000
1976.00000000,24.84286499,55.37500000
1977.00000000,24.84286499,55.37500000
1978.00000000,24.84286499,55.37500000
1979.00000000,24.84286499,55.37500000
1980.00000000,24.84286499,55.37500000
1981.00000000,24.84286499,55.43750000
1982.00000000,24.84286499,55.43750000
1983.00000000,24.84286499,55.43750000
1984.00000000,24.84286499,55.43750000
1985.00000000,24.84286499,55.43750000
1986.00000000,24.84286499,55.50000000
1987.00000000,24.84286499,55.50000000
1988.00000000,24.84286499,55.50000000
1989.00000000,24.84286499,55.50000000
1990.00000000,24.84286499,55.56250000
1991.00000000,24.84286499,55.56250000
1992.00000000,24.84286499,55.56250000
1993.00000000,24.84286499,55.56250000
1994.00000000,24.84286499,55.56250000
1995.00000000,24.84286499,55.62500000
1996.00000000,24.84286499,55.62500000
1997.00000000,24.84286499,55.62500000
1998.00000000,24.84286499,55.62500000
1999.00000000,24.84286499,55.62500000
2000.00000000,24.84286499,55.62500000
2001.00000000,24.84286499,55.62500000
2002.00000000,24.84286499,55.62500000
2003.00000000,24.84286499,55.62500000
2004.00000000,24.84286499,55.62500000
2005.00000000,24.84286499,55.68750000
2006.00000000,24.84286499,55.68750000
2007.00000000,24.84286499,55.68750000
2008.00000000,24.84286499,55.75000000
2009.00000000,24.84286499,55.68750000
2010.00000000,24.84286499,55.68750000
2011.00000000,24.84286499,55.75000000
2012.00000000,24.84286499,55.68750000
2013.00000000,24.84286499,55.75000000
2014.00000000,24.84286499,55.75000000
2015.00000000,24.84286499,55.75000000
2016.00000000,24.84286499,55.75000000
2017.00000000,24.84286499,55.81250000
2018.00000000,24.84286499,55.75000000
2019.00000000,24.84286499,55.75000000
2020.00000000,24.84286499,55.75000000
2021.00000000,24.84286499,55.81250000
2022.00000000,24.84286499,55.81250000
2023.00000000,24.84286499,55.81250000
2024.00000000,24.84286499,55.81250000
2025.00000000,24.84286499,55.81250000
2026.00000000,24.84286499,55.81250000
2027.00000000,24.84286499,55.81250000
2028.00000000,24.84286499,55.81250000
2029.00000000,24.84286499,55.87500000
2030.00000000,24.84286499,55.87500000
2031.00000000,24.84286499,55.87500000
2032.00000000,24.84286499,55.87500000
2033.00000000,24.84286499,55.87500000
2034.00000000,24.84286499,55.87500000
2035.00000000,24.84286499,55.87500000
2036.00000000,24.84286499,55.87500000
2037.00000000,24.84286499,55.87500000
2038.00000000,24.84286499,55.87500000
2039.00000000,24.84286499,55.87500000
2040.00000000,24.84286499,55.87500000
2041.00000000,24.84286499,55.87500000
2042.00000000,24.84286499,55.87500000
2043.00000000,24.84286499,55.87500000
2044.00000000,24.84286499,55.93750000
2045.00000000,24.84286499,55.93750000
2046.00000000,24.84286499,55.93750000
2047.00000000,24.84286499,55.93750000
2048.00000000,24.84286499,55.93750000
2049.00000000,24.84286499,55.93750000
2050.00000000,24.84286499,55.93750000
2051.00000000,24.84286499,56.00000000
2052.00000000,24.84286499,55.93750000
2053.00000000,24.84286499,56.00000000
2054.00000000,24.84286499,56.00000000
2055.00000000,24.84286499,56.00000000
2056.00000000,24.84286499,55.93750000
2057.00000000,24.84286499,56.00000000
2058.00000000,24.84286499,55.93750000
2059.00000000,24.84286499,56.00000000
2060.00000000,24.84286499,56.00000000
2061.00000000,24.84286499,56.00000000
2062.00000000,24.84286499,56.00000000
2063.00000000,24.84286499,56.00000000
2064.00000000,24.84286499,56.00000000
2065.00000000,16.84286499,56.00000000
2066.00000000,16.84286499,56.00000000
2067.00000000,16.84286499,55.87500000
2068.00000000,16.84286499,55.75000000
2069.00000000,16.84286499,55.56250000
2070.00000000,16.84286499,55.37500000
2071.00000000,16.84286499,55.18750000
2072.00000000,16.84286499,55.00000000
2073.00000000,16.84286499,54.81250000
2074.00000000,16.84286499,54.62500000
2075.00000000,16.84286499,54.43750000
2076.00000000,16.84286499,54.25000000
2077.00000000,16.84286499,54.12500000
2078.00000000,16.84286499,53.93750000
2079.00000000,16.84286499,53.75000000
2080.00000000,16.84286499,53.62500000
2081.00000000,16.84286499,53.43750000
2082.00000000,16.84286499,53.25000000
2083.00000000,16.84286499,53.12500000
2084.00000000,16.84286499,52.93750000
2085.00000000,16.84286499,52.81250000
2086.00000000,16.84286499,52.62500000
2087.00000000,16.84286499,52.56250000
2088.00000000,16.84286499,52.37500000
2089.00000000,16.84286499,52.25000000
2090.00000000,16.84286499,52.12500000
2091.00000000,16.84286499,52.00000000
2092.00000000,16.84286499,51.87500000
2093.00000000,16.84286499,51.75000000
2094.00000000,16.84286499,51.62500000
2095.00000000,16.84286499,51.50000000
2096.00000000,16.84286499,51.37500000
2097.00000000,16.84286499,51.25000000
2098.00000000,16.84286499,51.18750000
2099.00000000,16.84286499,51.06250000
2100.00000000,24.84286499,51.00000000
2101.00000000,24.84286499,50.87500000
2102.00000000,24.84286499,50.87500000
2103.00000000,24.84286499,51.00000000
2104.00000000,24.84286499,51.06250000
2105.00000000,24.84286499,51.18750000
2106.00000000,24.84286499,51.25000000
2107.00000000,24.84286499,51.37500000
2108.00000000,24.84286499,51.50000000
2109.00000000,24.84286499,51.62500000
2110.00000000,24.84286499,51.75000000
2111.00000000,24.84286499,51.81250000
2112.00000000,24.84286499,51.87500000
2113.00000000,24.84286499,52.06250000
2114.00000000,24.84286499,52.12500000
2115.00000000,24.84286499,52.25000000
2116.00000000,24.84286499,52.31250000
2117.00000000,24.84286499,52.43750000
2118.00000000,24.84286499,52.56250000
2119.00000000,24.84286499,52.68750000
2120.00000000,24.84286499,52.75000000
2121.00000000,24.84286499,52.81250000
2122.00000000,24.84286499,52.93750000
2123.00000000,24.84286499,53.00000000
2124.00000000,24.84286499,53.06250000
2125.00000000,24.84286499,53.18750000
2126.00000000,24.84286499,53.25000000
2127.00000000,24.84286499,53.31250000
2128.00000000,24.84286499,53.43750000
2129.00000000,24.84286499,53.50000000
2130.00000000,24.84286499,53.56250000
2131.00000000,24.84286499,53.62500000
2132.00000000,24.84286499,53.68750000
2133.00000000,24.84286499,53.75000000
2134.00000000,24.84286499,53.81250000
2135.00000000,16.84286499,53.87500000
2136.00000000,16.84286499,53.93750000
2137.00000000,16.84286499,53.87500000
2138.00000000,16.84286499,53.75000000
2139.00000000,16.84286499,53.62500000
2140.00000000,16.84286499,53.50000000
2141.00000000,16.84286499,53.37500000
2142.00000000,16.84286499,53.25000000
2143.00000000,16.84286499,53.06250000
2144.00000000,16.84286499,52.93750000
2145.00000000,16.84286499,52.81250000
2146.00000000,16.84286499,52.68750000
2147.00000000,16.84286499,52.56250000
2148.00000000,16.84286499,52.37500000
2149.00000000,16.84286499,52.31250000
2150.00000000,16.84286499,52.12500000
2151.00000000,16.84286499,52.00000000
2152.00000000,16.84286499,51.87500000
2153.00000000,16.84286499,51.75000000
2154.00000000,16.84286499,51.62500000
2155.00000000,16.84286499,51.56250000
2156.00000000,16.84286499,51.37500000
2157.00000000,16.84286499,51.31250000
2158.00000000,16.84286499,51.18750000
2159.00000000,16.84286499,51.12500000
2160.00000000,16.84286499,51.00000000
2161.00000000,16.84286499,50.87500000
2162.00000000,16.84286499,50.75000000
2163.00000000,16.84286499,50.68750000
2164.00000000,16.84286499,50.62500000
2165.00000000,16.84286499,50.50000000
2166.00000000,16.84286499,50.37500000
2167.00000000,16.84286499,50.31250000
2168.00000000,16.84286499,50.25000000
2169.00000000,16.84286499,50.18750000
2170.00000000,24.84286499,50.12500000
2171.00000000,24.84286499,50.06250000
2172.00000000,24.84286499,50.06250000
2173.00000000,24.84286499,50.18750000
2174.00000000,24.84286499,50.25000000
2175.00000000,24.84286499,50.37500000
2176.00000000,24.84286499,50.50000000
2177.00000000,24.84286499,50.62500000
2178.00000000,24.84286499,50.75000000
2179.00000000,24.84286499,50.87500000
2180.00000000,24.84286499,51.00000000
2181.00000000,24.84286499,51.12500000
2182.00000000,24.84286499,51.31250000
2183.00000000,24.84286499,51.37500000
2184.00000000,24.84286499,51.50000000
2185.00000000,24.84286499,51.62500000
2186.00000000,24.84286499,51.75000000
2187.00000000,24.84286499,51.87500000
2188.00000000,24.84286499,52.00000000
2189.00000000,24.84286499,52.06250000
2190.00000000,24.84286499,52.12500000
2191.00000000,24.84286499,52.31250000
2192.00000000,24.84286499,52.43750000
2193.00000000,24.84286499,52.43750000
2194.00000000,24.84286499,52.56250000
2195.00000000,24.84286499,52.68750000
2196.00000000,24.84286499,52.81250000
2197.00000000,24.84286499,52.81250000
2198.00000000,24.84286499,52.93750000
2199.00000000,24.84286499,53.00000000
2200.00000000,24.84286499,53.06250000
2201.00000000,24.84286499,53.18750000
2202.00000000,24.84286499,53.25000000
2203.00000000,24.84286499,53.31250000
2204.00000000,24.84286499,53.37500000
2205.00000000,16.84286499,53.43750000
